configuration,seconds,team,front,reserve,reserve_ready,front_route,reserve_route,reserve_routed,reserve_resting,reserve_fatigue,reserve_strength,reserve_morale,forward_gap,distance,left_blocked_leg,left_blocker_team,left_blocker_id,right_blocked_leg,right_blocker_team,right_blocker_id
0,6.017,0,24,19,1,0,1,0,0,0.000,20.000,100.000,8.351,9.371,1,0,18,2,1,2
0,6.017,1,0,5,1,0,1,0,0,0.000,20.000,85.000,8.351,9.371,2,0,22,1,1,6
0,7.017,0,24,19,1,0,1,0,0,0.000,20.000,100.000,8.351,10.314,2,1,2,2,1,2
0,7.017,1,0,5,1,0,1,0,0,0.000,20.000,85.000,8.351,10.314,2,0,22,2,0,22
0,9.017,1,1,6,1,0,0,0,0,0.000,20.000,85.000,5.336,5.336,1,1,10,1,1,7
0,10.017,1,1,6,1,0,0,0,0,0.000,20.000,85.000,5.208,5.216,1,1,10,1,1,7
0,11.017,1,1,6,1,0,0,0,0,0.000,20.000,85.000,4.660,4.877,1,1,10,1,-2,-1
0,12.017,0,23,18,1,5,4,0,0,0.000,20.000,100.000,5.336,5.355,1,0,17,0,-1,-1
0,12.017,1,1,6,1,0,0,0,0,0.000,20.000,85.000,4.660,4.877,1,1,10,1,-2,-1
0,13.017,0,23,18,1,5,4,0,0,0.000,20.000,100.000,5.336,5.792,1,0,17,0,-1,-1
0,13.017,1,4,9,1,0,2,0,0,0.000,20.000,85.000,1.422,7.429,1,-2,-1,3,-2,-1
0,14.017,0,23,18,1,5,4,0,0,0.000,20.000,100.000,5.336,6.701,1,0,17,3,-2,-1
0,14.017,1,4,9,1,0,2,0,0,0.000,20.000,85.000,-0.210,6.958,1,-2,-1,3,-2,-1
0,15.017,0,21,16,1,0,0,0,0,0.000,20.000,100.000,12.772,12.999,2,0,20,1,0,17
0,15.017,0,23,18,1,5,4,0,0,0.000,20.000,100.000,4.766,7.096,2,-2,-1,3,-2,-1
0,15.017,1,4,9,1,0,2,0,0,0.000,20.000,85.000,-1.289,5.663,1,-2,-1,3,-2,-1
0,16.017,0,21,16,1,0,0,0,0,0.000,20.000,100.000,12.772,12.999,2,0,20,1,0,17
0,16.017,0,23,18,1,5,4,0,0,0.000,20.000,100.000,2.966,6.017,1,-2,-1,3,-2,-1
0,16.017,1,4,9,1,0,2,0,0,0.133,19.893,84.710,-2.206,4.824,1,-2,-1,3,-2,-1
0,17.017,0,21,16,1,0,0,0,0,0.000,20.000,100.000,12.772,12.999,2,0,20,1,0,17
0,17.017,0,23,18,1,5,4,0,0,0.000,20.000,100.000,1.166,5.343,1,-2,-1,3,-2,-1
0,17.017,1,2,7,1,0,0,0,0,0.000,20.000,55.500,9.558,9.863,1,1,1,1,1,8
0,17.017,1,4,9,1,0,2,0,0,1.133,19.072,82.570,-2.206,4.824,1,-2,-1,3,-2,-1
0,18.017,0,21,16,1,0,0,0,0,0.000,20.000,100.000,12.772,12.999,2,0,20,1,0,17
0,18.017,0,23,18,1,5,4,0,0,0.217,19.922,99.561,-0.630,5.231,1,-2,-1,3,-2,-1
0,18.017,1,2,7,1,0,0,0,0,0.000,20.000,49.501,10.226,10.612,1,1,1,1,1,1
0,18.017,1,4,9,0,0,2,0,0,2.133,18.510,81.137,-2.206,4.824,1,-2,-1,3,-2,-1
0,19.017,0,21,16,1,0,0,0,0,0.000,20.000,100.000,12.772,12.999,2,0,20,1,0,17
0,19.017,0,23,18,1,5,4,0,0,0.217,19.699,98.614,-2.430,5.713,1,-2,-1,3,-2,-1
0,19.017,1,2,7,1,0,0,0,0,0.000,20.000,43.501,10.226,10.612,1,1,1,1,1,1
0,19.017,1,4,9,0,0,2,0,0,3.133,18.510,81.137,-2.206,4.824,1,-2,-1,3,-2,-1
0,20.017,0,21,16,1,0,0,0,0,0.000,20.000,100.000,12.772,12.999,2,0,20,1,0,17
0,20.017,0,23,18,1,5,4,0,0,0.917,19.220,97.157,-2.970,5.958,1,-2,-1,3,-2,-1
0,20.017,1,4,9,0,0,2,0,0,4.133,18.510,81.137,-2.206,4.824,1,-2,-1,3,-2,-1
0,21.017,0,23,18,1,5,4,0,0,0.917,18.773,95.763,-4.770,7.014,2,-2,-1,1,1,3
0,21.017,1,4,9,0,0,2,0,0,5.133,18.510,81.137,-2.206,4.824,1,-2,-1,3,-2,-1
0,22.017,0,23,18,1,5,4,0,0,0.917,17.072,91.861,-5.336,6.613,1,0,22,1,1,3
0,22.017,1,4,9,0,0,2,0,0,5.717,18.510,81.137,-2.206,4.824,1,-2,-1,3,-2,-1
0,23.017,0,23,18,1,5,4,0,0,0.917,16.687,90.824,-5.336,5.736,1,0,22,1,1,3
0,23.017,1,3,8,1,0,0,0,0,0.000,20.000,69.200,9.181,9.675,1,1,1,2,1,1
0,23.017,1,4,9,0,0,2,0,0,5.717,18.510,81.137,-2.206,4.824,1,-2,-1,3,-2,-1
0,24.017,0,23,18,1,5,4,0,0,0.917,16.648,90.706,-5.336,5.345,1,0,22,1,1,3
0,24.017,1,3,8,1,0,0,0,0,0.000,20.000,69.200,9.790,10.811,1,1,1,2,1,1
0,25.017,1,3,8,1,0,0,0,0,0.000,20.000,63.500,9.915,11.085,1,1,1,1,1,1
0,26.017,1,3,8,1,0,0,0,0,0.000,20.000,57.500,9.915,11.085,1,1,1,1,1,1
0,27.017,0,18,23,0,0,0,0,1,5.933,8.154,32.277,5.336,5.336,1,0,17,1,0,14
0,28.017,0,18,23,0,0,0,0,1,4.933,8.154,35.277,5.336,5.336,1,0,17,1,0,14
0,28.017,0,20,15,0,0,3,0,0,8.000,13.961,40.615,-2.190,6.935,2,0,21,1,-2,-1
0,29.017,0,18,23,0,0,0,0,1,3.933,8.154,38.277,5.336,5.336,1,0,17,1,0,14
0,29.017,0,20,15,0,0,3,0,0,8.000,13.961,38.315,-1.236,7.450,2,0,21,1,-2,-1
0,30.017,0,18,23,0,0,0,0,1,2.933,8.154,41.277,5.336,5.336,1,0,17,1,0,14
0,30.017,0,20,15,0,0,3,0,0,8.000,13.961,38.315,-0.867,7.692,2,0,21,1,-2,-1
0,31.017,0,18,23,0,0,0,0,1,1.933,8.154,44.277,5.336,5.336,1,0,17,0,-1,-1
0,31.017,0,20,15,0,0,3,0,0,8.000,13.961,38.315,-0.867,7.692,2,0,21,1,-2,-1
0,32.017,0,18,23,0,0,0,0,1,0.933,8.154,47.277,5.336,5.336,1,0,17,0,-1,-1
0,32.017,0,20,15,0,0,3,0,0,8.000,13.961,38.315,-0.867,7.692,2,0,21,1,-2,-1
0,33.017,0,18,23,0,0,0,0,1,0.000,8.154,50.277,5.336,5.336,1,0,17,0,-1,-1
0,33.017,0,20,15,0,0,3,0,0,8.000,13.961,38.315,-0.867,7.692,2,0,21,1,-2,-1
0,34.017,0,20,15,0,0,3,0,0,8.000,13.961,38.315,-0.867,7.692,2,0,21,1,-2,-1
0,35.017,0,20,15,0,0,3,0,0,8.000,13.961,38.315,-0.867,7.692,2,0,21,1,-2,-1
0,36.017,0,20,15,0,0,3,0,0,8.000,13.961,38.315,-0.867,7.692,2,0,21,1,-2,-1
0,37.017,0,20,15,0,0,3,0,0,8.000,13.961,38.315,-0.850,7.701,2,0,21,1,-2,-1
0,38.017,0,20,15,0,0,3,0,0,8.000,13.961,38.315,-0.833,7.714,2,0,21,1,-2,-1
0,39.017,0,20,15,0,0,3,0,0,8.000,13.961,38.315,-0.819,7.728,2,0,21,1,-2,-1
0,40.017,0,20,15,0,0,3,0,0,8.000,13.961,38.315,-0.814,7.733,2,0,21,1,-2,-1
0,41.017,0,20,15,0,0,3,0,0,8.000,13.961,38.315,-0.814,7.733,2,0,21,1,-2,-1
0,41.017,0,22,17,1,0,0,0,0,0.000,20.000,52.501,5.200,5.200,1,0,16,1,0,18
0,42.017,0,20,15,0,0,3,0,0,8.000,13.961,38.315,-0.814,7.733,2,0,21,1,-2,-1
0,42.017,0,22,17,1,0,0,0,0,0.000,20.000,52.001,5.200,5.200,1,0,16,1,0,18
0,43.017,0,20,15,0,0,3,0,0,8.000,13.961,38.315,-0.814,7.733,2,0,21,1,-2,-1
0,43.017,0,22,17,1,0,0,0,0,0.000,20.000,52.001,5.200,5.200,1,0,16,1,0,18
0,44.017,0,20,15,0,0,3,0,0,8.000,13.961,38.315,-0.814,7.733,2,0,21,1,-2,-1
0,44.017,0,22,17,1,0,0,0,0,0.000,20.000,52.001,5.200,5.200,1,0,16,1,0,18
1,6.017,0,24,19,1,0,1,0,0,0.000,20.000,100.000,8.351,9.371,1,0,18,2,1,2
1,6.017,1,0,5,1,0,1,0,0,0.000,20.000,100.000,8.351,9.371,2,0,22,1,1,6
1,7.017,0,24,19,1,0,1,0,0,0.000,20.000,100.000,8.351,10.314,2,1,2,2,1,2
1,7.017,1,0,5,1,0,1,0,0,0.000,20.000,100.000,8.351,10.314,2,0,22,2,0,22
1,9.017,0,23,18,1,0,0,0,0,0.000,20.000,100.000,5.336,5.336,1,0,17,1,0,14
1,9.017,1,1,6,1,0,0,0,0,0.000,20.000,100.000,5.336,5.336,1,1,10,1,1,7
1,10.017,0,23,18,1,0,0,0,0,0.000,20.000,100.000,5.250,5.254,1,0,17,1,0,14
1,10.017,1,1,6,1,0,0,0,0,0.000,20.000,100.000,5.250,5.254,1,1,10,1,1,7
1,11.017,0,23,18,1,0,0,0,0,0.000,20.000,100.000,4.699,4.891,1,-2,-1,1,0,14
1,11.017,1,1,6,1,0,0,0,0,0.000,20.000,100.000,4.699,4.891,1,1,10,1,-2,-1
1,12.017,0,23,18,1,0,0,0,0,0.000,20.000,100.000,4.699,4.891,1,-2,-1,1,0,14
1,12.017,1,1,6,1,0,0,0,0,0.000,20.000,100.000,4.699,4.891,1,1,10,1,-2,-1
1,15.017,0,21,16,1,0,0,0,0,0.000,20.000,100.000,12.857,13.089,2,0,20,1,0,17
1,15.017,1,3,8,1,0,0,0,0,0.000,20.000,100.000,12.857,13.089,1,1,7,2,1,4
1,16.017,0,21,16,1,0,0,0,0,0.000,20.000,100.000,12.857,13.089,2,0,20,1,0,17
1,16.017,1,3,8,1,0,0,0,0,0.000,20.000,100.000,12.857,13.089,1,1,7,2,1,4
1,17.017,0,21,16,1,0,0,0,0,0.000,20.000,100.000,12.857,13.089,2,0,20,1,0,17
1,17.017,1,3,8,1,0,0,0,0,0.000,20.000,100.000,12.857,13.089,1,1,7,2,1,4
1,20.017,0,22,17,1,0,0,0,0,0.000,20.000,52.501,5.200,5.200,1,0,16,1,0,18
1,20.017,1,2,7,1,0,0,0,0,0.000,20.000,52.501,5.200,5.200,1,1,6,1,1,8
1,21.017,0,22,17,1,0,0,0,0,0.000,20.000,52.001,5.200,5.200,1,0,16,1,0,18
1,21.017,1,2,7,1,0,0,0,0,0.000,20.000,52.001,5.200,5.200,1,1,6,1,1,8
1,22.017,0,22,17,1,0,0,0,0,0.000,20.000,52.001,5.200,5.200,1,0,16,1,0,18
1,22.017,1,2,7,1,0,0,0,0,0.000,20.000,52.001,5.200,5.200,1,1,6,1,1,8
1,23.017,0,22,17,1,0,0,0,0,0.000,20.000,52.001,5.200,5.200,1,0,16,1,0,18
1,23.017,1,2,7,1,0,0,0,0,0.000,20.000,52.001,5.200,5.200,1,1,6,1,1,8
1,24.017,0,22,17,1,0,0,0,0,0.000,20.000,52.001,5.200,5.200,2,1,0,1,0,18
1,24.017,1,2,7,1,0,0,0,0,0.000,20.000,52.001,5.200,5.200,1,1,6,1,1,8
1,25.017,0,22,17,1,0,0,0,0,0.000,20.000,52.001,5.200,5.200,2,1,0,1,0,18
1,25.017,1,2,7,1,0,0,0,0,0.000,20.000,52.001,5.200,5.200,1,1,6,1,1,8
1,26.017,0,20,15,0,0,3,0,0,7.950,11.761,34.123,-2.467,6.910,2,0,21,1,-2,-1
1,26.017,0,22,17,1,0,0,0,0,0.000,20.000,52.001,5.200,5.200,2,1,0,1,0,18
1,26.017,1,2,7,1,0,0,0,0,0.000,20.000,52.001,5.200,5.200,1,1,6,2,0,24
1,27.017,0,20,15,0,0,3,0,0,7.950,11.761,34.123,-2.467,6.910,2,0,21,1,-2,-1
1,27.017,0,22,17,1,0,0,0,0,0.000,20.000,52.001,5.200,5.200,2,1,0,1,0,18
1,27.017,1,2,7,1,0,0,0,0,0.000,20.000,52.001,5.200,5.200,1,1,6,2,0,24
1,27.017,1,4,9,0,0,3,0,0,8.000,11.143,32.570,-2.200,6.922,1,-2,-1,2,1,3
1,28.017,0,20,15,0,0,3,0,0,7.950,11.761,34.123,-2.467,6.910,2,0,21,1,-2,-1
1,28.017,0,22,17,1,0,0,0,0,0.000,20.000,52.001,5.200,5.200,2,1,0,1,0,18
1,28.017,1,2,7,1,0,0,0,0,0.000,20.000,52.001,5.200,5.200,1,1,6,2,0,24
1,28.017,1,4,9,0,0,3,0,0,8.000,11.143,32.570,-2.200,6.922,1,-2,-1,2,1,3
1,29.017,0,20,15,0,0,3,0,0,7.950,11.761,34.123,-2.467,6.910,2,0,21,1,-2,-1
1,29.017,0,22,17,1,0,0,0,0,0.000,20.000,52.001,5.200,5.200,2,1,0,1,0,18
1,29.017,1,2,7,1,0,0,0,0,0.000,20.000,52.001,5.200,5.200,1,1,6,2,0,24
1,29.017,1,4,9,0,0,3,0,0,8.000,11.143,32.570,-2.200,6.922,1,-2,-1,2,1,3
1,30.017,0,20,15,0,0,3,0,0,7.950,11.761,34.123,-2.467,6.910,2,0,21,1,-2,-1
1,30.017,0,22,17,1,0,0,0,0,0.000,20.000,52.001,5.200,5.200,2,1,0,1,0,18
1,30.017,1,2,7,1,0,0,0,0,0.000,20.000,52.001,5.200,5.200,1,1,6,2,0,24
1,30.017,1,4,9,0,0,3,0,0,8.000,11.143,32.570,-2.200,6.922,1,-2,-1,2,1,3
1,31.017,0,20,15,0,0,3,0,0,7.950,11.761,34.123,-2.467,6.910,2,0,21,1,-2,-1
1,31.017,0,22,17,1,0,0,0,0,0.000,20.000,52.001,5.200,5.200,2,1,0,1,0,18
1,31.017,1,2,7,1,0,0,0,0,0.000,20.000,52.001,5.200,5.200,1,1,6,2,0,24
1,31.017,1,4,9,0,0,3,0,0,8.000,11.143,32.570,-2.200,6.922,1,-2,-1,2,1,3
1,32.017,0,20,15,0,0,3,0,0,7.950,11.761,34.123,-2.467,6.910,2,0,21,1,-2,-1
1,32.017,0,22,17,1,0,0,0,0,0.000,20.000,52.001,5.200,5.200,2,1,0,1,0,18
1,32.017,1,2,7,1,0,0,0,0,0.000,20.000,52.001,5.200,5.200,1,1,6,2,0,24
1,32.017,1,4,9,0,0,3,0,0,8.000,11.143,32.570,-2.200,6.922,1,-2,-1,2,1,3
1,33.017,0,20,15,0,0,3,0,0,7.950,11.761,34.123,-2.467,6.910,2,0,21,1,-2,-1
1,33.017,0,22,17,1,0,0,0,0,0.000,20.000,52.001,5.200,5.200,2,1,0,1,0,18
1,33.017,1,2,7,1,0,0,0,0,0.000,20.000,52.001,5.200,5.200,1,1,6,2,0,24
1,33.017,1,4,9,0,0,3,0,0,8.000,11.143,32.570,-2.200,6.922,1,-2,-1,2,1,3
1,34.017,0,20,15,0,0,3,0,0,7.950,11.761,34.123,-2.467,6.910,2,0,21,1,-2,-1
1,34.017,0,22,17,1,0,0,0,0,0.000,20.000,52.001,5.200,5.200,2,1,0,1,0,18
1,34.017,1,2,7,1,0,0,0,0,0.000,20.000,52.001,5.200,5.200,1,1,6,2,0,24
1,34.017,1,4,9,0,0,3,0,0,8.000,11.143,32.570,-2.200,6.922,1,-2,-1,2,1,3
1,35.017,0,20,15,0,0,3,0,0,7.950,11.761,34.123,-2.467,6.910,2,0,21,1,-2,-1
1,35.017,0,22,17,1,0,0,0,0,0.000,20.000,52.001,5.200,5.200,2,1,0,1,0,18
1,35.017,1,2,7,1,0,0,0,0,0.000,20.000,52.001,5.200,5.200,1,1,6,2,0,24
1,35.017,1,4,9,0,0,3,0,0,8.000,11.143,32.570,-2.200,6.922,1,-2,-1,2,1,3
1,36.017,0,20,15,0,0,3,0,0,7.950,11.761,34.123,-2.467,6.910,2,0,21,1,-2,-1
1,36.017,0,22,17,1,0,0,0,0,0.000,20.000,52.001,5.200,5.200,2,1,0,1,0,18
1,36.017,1,2,7,1,0,0,0,0,0.000,20.000,52.001,5.200,5.200,1,1,6,2,0,24
1,36.017,1,4,9,0,0,3,0,0,8.000,11.143,32.570,-2.200,6.922,1,-2,-1,2,1,3
1,37.017,0,20,15,0,0,3,0,0,7.950,11.761,34.123,-2.467,6.910,2,0,21,1,-2,-1
1,37.017,1,4,9,0,0,3,0,0,8.000,11.143,32.570,-2.200,6.922,1,-2,-1,2,1,3
1,38.017,0,20,15,0,0,3,0,0,7.950,11.761,34.123,-2.467,6.910,2,0,21,1,-2,-1
1,38.017,1,4,9,0,0,3,0,0,8.000,11.143,32.570,-2.200,6.922,1,-2,-1,2,1,3
1,39.017,0,20,15,0,0,3,0,0,7.950,11.761,34.123,-2.467,6.910,2,0,21,1,-2,-1
1,39.017,1,4,9,0,0,3,0,0,8.000,11.143,32.570,-2.200,6.922,1,-2,-1,2,1,3
1,40.017,0,20,15,0,0,3,0,0,7.950,11.761,34.123,-2.467,6.910,2,0,21,1,-2,-1
1,40.017,1,4,9,0,0,3,0,0,8.000,11.143,32.570,-2.200,6.922,1,-2,-1,2,1,3
1,41.017,0,20,15,0,0,3,0,0,7.950,11.761,34.123,-2.467,6.910,2,0,21,1,-2,-1
1,41.017,1,4,9,0,0,3,0,0,8.000,11.143,32.570,-2.200,6.922,1,-2,-1,2,1,3
1,42.017,0,20,15,0,0,3,0,0,7.950,11.761,34.123,-2.467,6.910,2,0,21,1,-2,-1
1,42.017,1,4,9,0,0,3,0,0,8.000,11.143,32.570,-2.200,6.922,1,-2,-1,2,1,3
1,43.017,0,20,15,0,0,3,0,0,7.950,11.761,34.123,-2.467,6.910,2,0,21,1,-2,-1
1,43.017,1,4,9,0,0,3,0,0,8.000,11.143,32.570,-2.200,6.922,1,-2,-1,2,1,3
1,44.017,0,20,15,0,0,3,0,0,7.950,11.761,34.123,-2.467,6.910,2,0,21,1,-2,-1
1,44.017,1,4,9,0,0,3,0,0,8.000,11.143,32.570,-2.200,6.922,1,-2,-1,2,1,3
1,45.017,1,4,9,0,0,3,0,0,8.000,11.143,32.570,-2.200,6.922,1,-2,-1,2,1,3
1,46.017,1,4,9,0,0,3,0,0,8.000,11.143,32.570,-2.200,6.922,1,-2,-1,2,1,3
1,47.017,1,4,9,0,0,3,0,0,8.000,11.143,32.570,-2.200,6.922,1,-2,-1,2,1,3
1,48.017,1,4,9,0,0,3,0,0,8.000,11.143,32.570,-2.200,6.922,1,-2,-1,2,1,3
1,49.017,1,4,9,0,0,3,0,0,8.000,11.143,32.570,-2.200,6.922,1,-2,-1,2,1,3
1,50.017,1,4,9,0,0,3,0,0,8.000,11.143,32.570,-2.200,6.922,1,-2,-1,2,1,3
1,51.017,1,4,9,0,0,3,0,0,8.000,11.143,32.570,-2.200,6.922,1,-2,-1,2,1,3
2,5.017,0,20,15,1,0,0,0,0,0.000,20.000,100.000,9.226,9.228,2,1,0,1,0,16
2,5.017,1,0,5,1,0,0,0,0,0.000,20.000,100.000,9.226,9.228,2,0,20,1,1,6
2,6.017,0,20,15,1,0,0,0,0,0.000,20.000,100.000,9.226,9.228,2,1,0,1,0,16
2,6.017,0,24,19,1,0,0,0,0,0.000,20.000,100.000,9.226,9.228,1,0,17,2,1,4
2,6.017,1,0,5,1,0,0,0,0,0.000,20.000,100.000,9.226,9.228,2,0,20,1,1,6
2,6.017,1,4,9,1,0,0,0,0,0.000,20.000,100.000,9.226,9.228,1,1,7,2,0,24
2,7.017,0,20,15,1,0,0,0,0,0.000,20.000,100.000,9.226,9.228,1,0,10,1,0,16
2,7.017,0,24,19,1,0,0,0,0,0.000,20.000,100.000,9.226,9.228,1,0,17,1,0,14
2,7.017,1,0,5,1,0,0,0,0,0.000,20.000,100.000,9.226,9.228,1,1,10,1,1,6
2,7.017,1,4,9,1,0,0,0,0,0.000,20.000,100.000,9.226,9.228,1,1,7,1,1,14
2,8.017,0,20,15,1,0,0,0,0,0.000,20.000,100.000,9.226,9.228,1,0,10,1,0,16
2,8.017,0,24,19,1,0,0,0,0,0.000,20.000,100.000,9.226,9.228,1,0,17,1,0,14
2,8.017,1,0,5,1,0,0,0,0,0.000,20.000,100.000,9.226,9.228,1,1,10,1,1,6
2,8.017,1,4,9,1,0,0,0,0,0.000,20.000,100.000,9.226,9.228,1,1,7,1,1,14
2,9.017,0,20,15,1,0,0,0,0,0.000,20.000,100.000,9.226,9.228,1,0,10,1,0,16
2,9.017,0,24,19,1,0,0,0,0,0.000,20.000,100.000,9.226,9.228,1,0,17,1,0,14
2,9.017,1,0,5,1,0,0,0,0,0.000,20.000,100.000,9.226,9.228,1,1,10,1,1,6
2,9.017,1,4,9,1,0,0,0,0,0.000,20.000,100.000,9.226,9.228,1,1,7,1,1,14
2,10.017,0,24,19,1,0,0,0,0,0.000,20.000,100.000,9.226,9.228,1,0,17,1,0,14
2,10.017,1,4,9,1,0,0,0,0,0.000,20.000,100.000,9.226,9.228,1,1,7,1,1,14
2,11.017,0,22,17,1,0,0,0,0,0.000,20.000,100.000,7.750,7.750,1,0,16,1,0,18
2,11.017,1,2,7,1,0,0,0,0,0.000,20.000,100.000,7.750,7.750,1,1,6,1,1,8
2,12.017,0,22,17,1,0,0,0,0,0.000,20.000,100.000,7.750,7.750,1,0,16,1,0,18
2,12.017,1,2,7,1,0,0,0,0,0.000,20.000,100.000,7.750,7.750,1,1,6,1,1,8
2,13.017,0,21,16,1,0,0,0,0,0.000,20.000,100.000,7.750,7.750,1,0,15,1,0,17
2,13.017,0,22,17,1,0,0,0,0,0.000,20.000,100.000,7.750,7.750,1,0,16,1,0,18
2,13.017,0,23,18,1,0,0,0,0,0.000,20.000,100.000,7.750,7.750,1,0,17,1,0,19
2,13.017,1,1,6,1,0,0,0,0,0.000,20.000,100.000,7.750,7.750,1,1,5,1,1,7
2,13.017,1,2,7,1,0,0,0,0,0.000,20.000,100.000,7.750,7.750,1,1,6,1,1,8
2,13.017,1,3,8,1,0,0,0,0,0.000,20.000,100.000,7.750,7.750,1,1,7,1,1,9
2,14.017,0,21,16,1,0,0,0,0,0.000,20.000,100.000,7.750,7.750,1,0,15,1,0,17
2,14.017,0,22,17,1,0,0,0,0,0.000,20.000,100.000,7.750,7.750,1,0,16,1,0,18
2,14.017,0,23,18,1,0,0,0,0,0.000,20.000,100.000,7.750,7.750,1,0,17,1,0,19
2,14.017,1,1,6,1,0,0,0,0,0.000,20.000,100.000,7.750,7.750,1,1,5,1,1,7
2,14.017,1,2,7,1,0,0,0,0,0.000,20.000,100.000,7.750,7.750,1,1,6,1,1,8
2,14.017,1,3,8,1,0,0,0,0,0.000,20.000,100.000,7.750,7.750,1,1,7,1,1,9
2,15.017,0,21,16,1,0,0,0,0,0.000,20.000,100.000,7.750,7.750,1,0,15,1,0,17
2,15.017,0,22,17,1,0,0,0,0,0.000,20.000,100.000,7.750,7.750,1,0,16,1,0,18
2,15.017,0,23,18,1,0,0,0,0,0.000,20.000,100.000,7.750,7.750,1,0,17,1,0,19
2,15.017,1,1,6,1,0,0,0,0,0.000,20.000,100.000,7.750,7.750,1,1,5,1,1,7
2,15.017,1,2,7,1,0,0,0,0,0.000,20.000,100.000,7.750,7.750,1,1,6,1,1,8
2,15.017,1,3,8,1,0,0,0,0,0.000,20.000,100.000,7.750,7.750,1,1,7,1,1,9
2,16.017,0,21,16,1,0,0,0,0,0.000,20.000,100.000,7.750,7.750,1,0,15,1,0,17
2,16.017,0,22,17,1,0,0,0,0,0.000,20.000,100.000,7.750,7.750,1,0,16,1,0,18
2,16.017,0,23,18,1,0,0,0,0,0.000,20.000,100.000,7.750,7.750,1,0,17,1,0,19
2,16.017,1,1,6,1,0,0,0,0,0.000,20.000,100.000,7.750,7.750,1,1,5,1,1,7
2,16.017,1,2,7,1,0,0,0,0,0.000,20.000,100.000,7.750,7.750,1,1,6,1,1,8
2,16.017,1,3,8,1,0,0,0,0,0.000,20.000,100.000,7.750,7.750,1,1,7,1,1,9
2,17.017,0,21,16,1,0,0,0,0,0.000,20.000,100.000,7.750,7.750,1,0,15,1,0,17
2,17.017,0,23,18,1,0,0,0,0,0.000,20.000,100.000,7.750,7.750,1,0,17,1,0,19
2,17.017,1,1,6,1,0,0,0,0,0.000,20.000,100.000,7.750,7.750,1,1,5,1,1,7
2,17.017,1,3,8,1,0,0,0,0,0.000,20.000,100.000,7.750,7.750,1,1,7,1,1,9
2,18.017,0,23,18,1,0,0,0,0,0.000,20.000,100.000,7.750,7.750,1,0,17,1,0,19
2,18.017,1,3,8,1,0,0,0,0,0.000,20.000,100.000,7.750,7.750,1,1,7,1,1,9
